<?xml version="1.0" encoding="UTF-8"?>
<beans xmlns:xsi="http://www.w3.org/2001/XMLSchema-instance"
       xmlns:security="http://www.springframework.org/schema/security"
       xmlns="http://www.springframework.org/schema/beans"
       xsi:schemaLocation="http://www.springframework.org/schema/beans
           http://www.springframework.org/schema/beans/spring-beans.xsd
           http://www.springframework.org/schema/security
           http://www.springframework.org/schema/security/spring-security.xsd">

    <security:http>
        <security:intercept-url pattern="/**" access="ROLE_USER,ROLE_ADMIN"/>
        <security:form-login/>
        <security:anonymous/>
        <security:http-basic/>
        <security:logout/>
        <security:remember-me/>
    </security:http>

    <security:authentication-manager alias="authenticationManager">
        <security:authentication-provider>
            <!--<security:jdbc-user-service data-source-ref="dataSource"/>-->
            <security:user-service>
                <security:user name="admin" password="test.11" authorities="ROLE_USER,ROLE_ADMIN"/>
                <security:user name="user" password="user" authorities="ROLE_USER"/>
                <security:user name="burhan" password="burhan" authorities="ROLE_USER,ROLE_ADMIN"/>
            </security:user-service>
        </security:authentication-provider>
    </security:authentication-manager>

    <security:global-method-security secured-annotations="enabled" jsr250-annotations="enabled"/>

</beans>