<?xml version="1.0" encoding="UTF-8"?>
<beans xmlns:xsi="http://www.w3.org/2001/XMLSchema-instance"
       xmlns:jpa="http://www.springframework.org/schema/data/jpa"
       xmlns:util="http://www.springframework.org/schema/util"
       xmlns:tx="http://www.springframework.org/schema/tx"
       xmlns="http://www.springframework.org/schema/beans"
       xsi:schemaLocation="http://www.springframework.org/schema/beans
               http://www.springframework.org/schema/beans/spring-beans.xsd
               http://www.springframework.org/schema/data/jpa
               http://www.springframework.org/schema/data/jpa/spring-jpa.xsd
               http://www.springframework.org/schema/util
               http://www.springframework.org/schema/util/spring-util.xsd
               http://www.springframework.org/schema/tx
               http://www.springframework.org/schema/tx/spring-tx.xsd">

    <jpa:repositories base-package="tr.k12.ari.burhan.fokul.repositories"/>

    <bean id="dataSource" class="org.apache.commons.dbcp.BasicDataSource" destroy-method="close">
        <property name="driverClassName" value="${db.driverClassName}"/>
        <property name="url" value="${db.url}"/>
        <property name="username" value="${db.login}"/>
        <property name="password" value="${db.password}"/>
    </bean>

    <bean id="entityManagerFactory" class="org.springframework.orm.jpa.LocalContainerEntityManagerFactoryBean">
        <property name="packagesToScan" value="tr.k12.ari.burhan.fokul.model"/>
        <property name="dataSource" ref="dataSource"/>
        <property name="jpaVendorAdapter" ref="hibernateJpaVendorAdapter"/>
        <property name="jpaPropertyMap" ref="jpaPropertyMap"/>
    </bean>

    <bean id="webexpressionHandler"
          class="org.springframework.security.web.access.expression.DefaultWebSecurityExpressionHandler"/>

    <util:map id="jpaPropertyMap">
        <entry key="hibernate.dialect" value="org.hibernate.dialect.MySQL5Dialect"/>
        <entry key="hibernate.hbm2ddl.auto" value="update"/>
        <entry key="hibernate.show_sql" value="true"/>
        <entry key="hibernate.jdbc.batch_size" value="0"/>
    </util:map>

    <bean id="hibernateJpaVendorAdapter" class="org.springframework.orm.jpa.vendor.HibernateJpaVendorAdapter"/>

    <bean id="transactionManager" class="org.springframework.orm.jpa.JpaTransactionManager">
        <property name="entityManagerFactory" ref="entityManagerFactory"/>
    </bean>

    <tx:annotation-driven/>

</beans>